<?xml version="1.0" encoding="UTF-8"?>
<configurationDescriptor version="100">
  <logicalFolder name="root" displayName="root" projectFiles="true" kind="ROOT">
    <logicalFolder name="HeaderFiles"
                   displayName="Header Files"
                   projectFiles="true">
      <itemPath>CentroVacunacion.h</itemPath>
      <itemPath>Dosis.h</itemPath>
      <itemPath>GestionVacunas.h</itemPath>
      <itemPath>Nodo.h</itemPath>
      <itemPath>THashTarjetaVacunacion.h</itemPath>
      <itemPath>TarjetaVacunacion.h</itemPath>
      <itemPath>Usuario.h</itemPath>
      <itemPath>fecha.h</itemPath>
      <itemPath>picosha2.h</itemPath>
    </logicalFolder>
    <logicalFolder name="ResourceFiles"
                   displayName="Resource Files"
                   projectFiles="true">
    </logicalFolder>
    <logicalFolder name="SourceFiles"
                   displayName="Source Files"
                   projectFiles="true">
      <itemPath>CentroVacunacion.cpp</itemPath>
      <itemPath>Dosis.cpp</itemPath>
      <itemPath>GestionVacunas.cpp</itemPath>
      <itemPath>THashTarjetaVacunacion.cpp</itemPath>
      <itemPath>TarjetaVacunacion.cpp</itemPath>
      <itemPath>Usuario.cpp</itemPath>
      <itemPath>fecha.cpp</itemPath>
      <itemPath>main.cpp</itemPath>
    </logicalFolder>
    <logicalFolder name="TestFiles"
                   displayName="Test Files"
                   projectFiles="false"
                   kind="TEST_LOGICAL_FOLDER">
    </logicalFolder>
    <logicalFolder name="ExternalFiles"
                   displayName="Important Files"
                   projectFiles="false"
                   kind="IMPORTANT_FILES_FOLDER">
      <itemPath>Makefile</itemPath>
    </logicalFolder>
  </logicalFolder>
  <projectmakefile>Makefile</projectmakefile>
  <confs>
    <conf name="Debug" type="1">
      <toolsSet>
        <compilerSet>default</compilerSet>
        <dependencyChecking>true</dependencyChecking>
        <rebuildPropChanged>false</rebuildPropChanged>
      </toolsSet>
      <compileType>
      </compileType>
      <item path="CentroVacunacion.cpp" ex="false" tool="1" flavor2="0">
      </item>
      <item path="CentroVacunacion.h" ex="false" tool="3" flavor2="0">
      </item>
      <item path="Dosis.cpp" ex="false" tool="1" flavor2="0">
      </item>
      <item path="Dosis.h" ex="false" tool="3" flavor2="0">
      </item>
      <item path="GestionVacunas.cpp" ex="false" tool="1" flavor2="0">
      </item>
      <item path="GestionVacunas.h" ex="false" tool="3" flavor2="0">
      </item>
      <item path="Nodo.h" ex="false" tool="3" flavor2="0">
      </item>
      <item path="THashTarjetaVacunacion.cpp" ex="false" tool="1" flavor2="0">
      </item>
      <item path="THashTarjetaVacunacion.h" ex="false" tool="3" flavor2="0">
      </item>
      <item path="TarjetaVacunacion.cpp" ex="false" tool="1" flavor2="0">
      </item>
      <item path="TarjetaVacunacion.h" ex="false" tool="3" flavor2="0">
      </item>
      <item path="Usuario.cpp" ex="false" tool="1" flavor2="0">
      </item>
      <item path="Usuario.h" ex="false" tool="3" flavor2="0">
      </item>
      <item path="fecha.cpp" ex="false" tool="1" flavor2="0">
      </item>
      <item path="fecha.h" ex="false" tool="3" flavor2="0">
      </item>
      <item path="main.cpp" ex="false" tool="1" flavor2="0">
      </item>
      <item path="picosha2.h" ex="false" tool="3" flavor2="0">
      </item>
    </conf>
    <conf name="Release" type="1">
      <toolsSet>
        <compilerSet>default</compilerSet>
        <dependencyChecking>true</dependencyChecking>
        <rebuildPropChanged>false</rebuildPropChanged>
      </toolsSet>
      <compileType>
        <cTool>
          <developmentMode>5</developmentMode>
        </cTool>
        <ccTool>
          <developmentMode>5</developmentMode>
        </ccTool>
        <fortranCompilerTool>
          <developmentMode>5</developmentMode>
        </fortranCompilerTool>
        <asmTool>
          <developmentMode>5</developmentMode>
        </asmTool>
      </compileType>
      <item path="CentroVacunacion.cpp" ex="false" tool="1" flavor2="0">
      </item>
      <item path="CentroVacunacion.h" ex="false" tool="3" flavor2="0">
      </item>
      <item path="Dosis.cpp" ex="false" tool="1" flavor2="0">
      </item>
      <item path="Dosis.h" ex="false" tool="3" flavor2="0">
      </item>
      <item path="GestionVacunas.cpp" ex="false" tool="1" flavor2="0">
      </item>
      <item path="GestionVacunas.h" ex="false" tool="3" flavor2="0">
      </item>
      <item path="Nodo.h" ex="false" tool="3" flavor2="0">
      </item>
      <item path="THashTarjetaVacunacion.cpp" ex="false" tool="1" flavor2="0">
      </item>
      <item path="THashTarjetaVacunacion.h" ex="false" tool="3" flavor2="0">
      </item>
      <item path="TarjetaVacunacion.cpp" ex="false" tool="1" flavor2="0">
      </item>
      <item path="TarjetaVacunacion.h" ex="false" tool="3" flavor2="0">
      </item>
      <item path="Usuario.cpp" ex="false" tool="1" flavor2="0">
      </item>
      <item path="Usuario.h" ex="false" tool="3" flavor2="0">
      </item>
      <item path="fecha.cpp" ex="false" tool="1" flavor2="0">
      </item>
      <item path="fecha.h" ex="false" tool="3" flavor2="0">
      </item>
      <item path="main.cpp" ex="false" tool="1" flavor2="0">
      </item>
      <item path="picosha2.h" ex="false" tool="3" flavor2="0">
      </item>
    </conf>
  </confs>
</configurationDescriptor>
