<?xml version="1.0" encoding="UTF-8"?>
<project-private xmlns="http://www.netbeans.org/ns/project-private/1">
    <data xmlns="http://www.netbeans.org/ns/make-project-private/1">
        <activeConfTypeElem>1</activeConfTypeElem>
        <activeConfIndexElem>0</activeConfIndexElem>
    </data>
    <editor-bookmarks xmlns="http://www.netbeans.org/ns/editor-bookmarks/2" lastBookmarkId="0"/>
    <open-files xmlns="http://www.netbeans.org/ns/projectui-open-files/2">
        <group>
            <file>file:/C:/Users/Alberto%20Limas/Documents/NetBeansProjects/EEDD_2021_2022/pr5/THashTarjetaVacunacion.h</file>
            <file>file:/C:/Users/Alberto%20Limas/Documents/NetBeansProjects/EEDD_2021_2022/pr5/TarjetaVacunacion.cpp</file>
            <file>file:/C:/Users/Alberto%20Limas/Documents/NetBeansProjects/EEDD_2021_2022/pr5/CentroVacunacion.cpp</file>
            <file>file:/C:/Users/Alberto%20Limas/Documents/NetBeansProjects/EEDD_2021_2022/pr5/Usuario.cpp</file>
            <file>file:/C:/Users/Alberto%20Limas/Documents/NetBeansProjects/EEDD_2021_2022/pr5/main.cpp</file>
            <file>file:/C:/Users/Alberto%20Limas/Documents/NetBeansProjects/EEDD_2021_2022/pr5/THashTarjetaVacunacion.cpp</file>
            <file>file:/C:/Users/Alberto%20Limas/Documents/NetBeansProjects/EEDD_2021_2022/pr5/TarjetaVacunacion.h</file>
            <file>file:/C:/Users/Alberto%20Limas/Documents/NetBeansProjects/EEDD_2021_2022/pr5/fecha.h</file>
            <file>file:/C:/Users/Alberto%20Limas/Documents/NetBeansProjects/EEDD_2021_2022/pr5/GestionVacunas.h</file>
            <file>file:/C:/Users/Alberto%20Limas/Documents/NetBeansProjects/EEDD_2021_2022/pr5/picosha2.h</file>
            <file>file:/C:/Users/Alberto%20Limas/Documents/NetBeansProjects/EEDD_2021_2022/pr5/GestionVacunas.cpp</file>
            <file>file:/C:/Users/Alberto%20Limas/Documents/NetBeansProjects/EEDD_2021_2022/pr5/CentroVacunacion.h</file>
        </group>
    </open-files>
</project-private>
